"#","Player","Pos","Team","1","2","3","4","5","6","7","8","9","10","11","12","13","14","15","16","17","AVG","TTL"
"1","Russell Wilson","QB","NYG","8.3","15.3","33.5","27.6","11.5","-","26.4","35.1","23.6","19.4","30.9","23.6","24.2","21.8","11.6","14.6","20.4","21.7","347.9"
"2","Cam Newton","QB","FA","13.1","11.8","8.3","33","26.2","20.7","7.4","12.6","20.1","35.7","-","17.5","20.4","14.5","31.5","15.6","11.1","18.7","299.5"
"3","Le'Veon Bell","RB","FA","6.2","11.1","18.8","32.6","14.3","26.6","20.7","13.1","-","13.7","14.8","22.3","26.7","35","25","18.2","-","19.9","299.1"
"4","Tom Brady","QB","FA","10.7","30.8","35.7","20.5","12.6","16.2","18.5","17.5","-","22.6","25.6","20.7","8.3","9.3","15.7","15.6","15.6","18.5","295.9"
"5","Alex Smith","QB","FA","31","16.1","15.1","27.3","26.9","15.1","25.7","13.4","18.4","-","7.9","13.5","37.6","11.1","18.5","17.5","-","19.7","295.2"
"6","Carson Wentz","QB","FA","18.9","24.8","13.2","15.1","27.3","21.4","31","17.1","24.8","-","20","24","16.9","27.2","-","-","-","21.7","281.7"
"7","Kirk Cousins","QB","ATL","10.6","11.9","26.8","20.6","BYE","27.8","23.9","10.5","8.3","27.6","26","16.1","12.6","8.8","15.8","22.8","7.5","17.4","277.6"
"8","Alvin Kamara","RB","NO","5.8","6.9","11.7","20.6","BYE","10.2","13.2","15.1","28.2","22.3","22.6","33.8","27.1","4.2","17.9","12.5","21.8","17.1","273.9"
"9","Matthew Stafford","QB","LAR","27.1","13.2","16.5","10.1","15.2","14.9","-","18","22.4","21.7","18.3","14","11.9","15.2","17.4","10.8","27.1","17.1","273.6"
"10","Philip Rivers","QB","FA","17.7","17.2","3.5","19.9","20.8","14.3","15.3","10.5","-","15.3","18","28.9","17.6","20.8","7.1","15.6","28","16.9","270.4"
"11","Kareem Hunt","RB","KC","43.1","24.4","24.8","14.1","13.1","13.5","13.7","8.3","8.1","BYE","9.2","3.1","7.8","21.3","36.1","18.6","9.5","16.8","268.7"
"12","Drew Brees","QB","FA","15.6","22.2","20.8","19","-","11.5","19.1","11.8","18.7","14","21.6","14.3","14.5","17","17.1","11.2","14","16.4","262.6"
"13","DeAndre Hopkins","WR","BAL","15","10.8","11.1","21.7","25.2","8.9","-","32.4","17.6","14.6","15.6","16","12","30.4","16","14.5","-","17.5","261.8"
"14","Ben Roethlisberger","QB","FA","15.7","17.5","12","10.5","2.6","11.9","16.7","14.5","-","17.9","29","30.5","18","28.7","18.2","16.9","-","17.4","260.7"
"15","Dak Prescott","QB","DAL","17.1","15.9","22.9","22.6","29.7","BYE","30","7.3","26.7","13.2","-1.2","3.2","14.9","26.6","13.7","5.3","12.8","16.3","260.7"
"16","Antonio Brown","WR","FA","23.7","8.7","22","5.4","20.7","25.5","14.5","9.5","-","6.2","37.4","35.9","20.1","26.8","3.4","-","-","18.6","259.8"
"17","Melvin Gordon III","RB","FA","16.4","17.3","13.9","3.4","31.3","31.5","4.9","20.4","-","6.7","14","10.3","12.6","14.8","25.9","20.3","15.4","16.2","259.1"
"18","Jared Goff","QB","DET","16.4","10.9","23.6","18.1","7.7","9.9","18.7","-","28.4","26.5","9.8","19.9","15","14.2","10.8","25.4","-","17","255.3"
"19","Blake Bortles","QB","FA","10.3","9.8","27.6","11.4","2.7","13.5","16.3","-","16.4","16.3","8.6","22.6","25.1","18.5","25","22.4","3.2","15.6","249.7"
"20","Mark Ingram II","RB","FA","9.6","9.6","9.6","8.2","-","27.5","19","14.9","8.4","31.1","23","4.6","21.2","11.2","29.6","14.1","7.4","15.6","249"
"21","Case Keenum","QB","CHI","-","6.7","28.6","8.8","11.8","13.1","6.4","17.5","BYE","24.1","17.2","27.3","17","19.2","19.4","9.4","11.6","15.9","237.9"
"22","LeSean McCoy","RB","FA","18.4","7.3","10.4","12.3","11.9","-","24.7","26.3","2.5","7.5","25.1","9.9","11.2","21.6","23.6","17.2","4.2","14.6","234.1"
"23","Matt Ryan","QB","FA","17.9","14.9","13.7","8.5","-","11.9","17","15.9","18.4","14.6","17","16.8","7","6.8","15.4","14.2","18.1","14.3","228.1"
"24","Keenan Allen","WR","LAC","12","14.5","8.6","16.3","8.7","7","5.6","8.1","BYE","7.4","34.2","28.7","21.5","14.1","7.9","8.8","23.8","14.2","227.2"
"25","Tyrod Taylor","QB","NYJ","18.8","10.5","17.8","12.5","8.9","-","20","16.7","26.9","2.9","18.1","14","3.8","-","23.2","12.8","15.7","14.8","222.7"
"26","Leonard Fournette","RB","FA","19.9","13.1","15.5","22.5","30.9","20.8","-","-","-","5.6","12.8","5.7","15.4","19.9","-","14.5","15.6","16.3","212.2"
"27","Andy Dalton","QB","CAR","-3","9.5","16.3","28.3","13.3","-","10.4","18.7","5.3","14.6","18.6","19.2","19.3","7.6","0.5","11.4","20.7","13.2","210.7"
"28","Marcus Mariota","QB","WAS","18.8","13","19.7","15.7","BYE","14.2","8.9","-","15.3","17.7","14.7","7.8","18.3","3.5","18","11.4","13.4","14","210.5"
"29","Julio Jones","WR","FA","8.6","13.3","12.6","4.5","-","10.2","20.4","8.9","14.8","8.7","9.6","44.8","3.4","12.3","6.9","18.4","10.5","13","207.9"
"30","Michael Thomas","WR","FA","7","11.4","18.2","18.9","-","2.6","11.7","11.2","10.5","16.2","12.1","7.7","15.5","22.7","19.8","8.6","12.4","12.9","206.5"
"31","Derek Carr","QB","FA","18.7","21.2","5.2","9.7","-","6.8","30.2","12.5","13.7","-","13.5","15.8","15.4","10.4","17.5","5.9","9.8","13.8","206.4"
"32","Jacoby Brissett","QB","ARI","2","8.8","27.8","9.6","18","14","11.1","15.9","19.5","15.6","-","7.4","10.6","7.8","14.1","13.4","10.4","12.9","205.9"
"33","Josh McCown","QB","FA","9.5","15.7","14.7","5","13.5","20.3","24.5","18.3","16.9","12.5","-","25.1","31.1","-1.5","-","-","-","15.8","205.4"
"34","Carlos Hyde","RB","FA","10.7","15.8","22.9","12","2.3","22","10.8","6.7","17","11.4","-","10.3","8.1","13.8","4.9","14.8","20.8","12.8","204.3"
"35","Jarvis Landry","WR","FA","-","13.6","7.8","7","12.9","16.2","18.8","5.8","12.2","12.7","16.5","11","8.7","20.6","14.9","5.6","19.7","12.8","204"
"36","Tyreek Hill","WR","MIA","23.3","6.9","17.5","6","8.8","5","22.2","2.8","14.3","-","11.9","8.9","33.5","9.5","17.3","13.8","-","13.4","201.7"
"37","Jameis Winston","QB","NYG","-","12.5","15.5","26.5","18.5","2.4","23.4","3.7","3.5","-","-","-","18.6","14.4","25.8","13.3","23.7","15.5","201.7"
"38","Jacksonville Jaguars","DST","JAC","28","-1","12","15","28","5","20","BYE","6","5","25","11","12","8","10","2","13","12.4","199"
"39","Marvin Jones Jr.","WR","FA","10.7","9.2","3.9","5.2","8.4","18.6","-","15.8","26.2","2.7","16.5","25.9","11","7.9","10","6.5","16.1","12.2","194.6"
"40","Adam Thielen","WR","CAR","20.2","4.9","12.3","6.4","7","14.1","6.6","18.3","-","26.6","21.3","12.9","7.1","19.5","4.5","3.4","9.1","12.1","194.2"
"41","Rob Gronkowski","TE","FA","4.3","20.6","18.9","10","-","23.3","6.6","14.2","-","9.4","5.2","22.7","19.2","-","23.3","15.2","0","13.8","192.9"
"42","Travis Kelce","TE","KC","6.9","20.3","0.6","20.9","13.8","5.7","11.3","22.8","16.8","BYE","12.9","5.4","23.4","10.9","7.6","12.7","-","12.8","192"
"43","Ezekiel Elliott","RB","FA","16.5","4.2","16.9","27.9","13.7","-","40.4","25.9","15.3","-","-","-","-","-","-","13.8","15.6","19","190.2"
"44","A.J. Green","WR","FA","9.9","9.2","22.1","14.8","26.4","-","5.6","10.2","1.1","20","13","9.1","23.2","6.9","4","11.1","2.7","11.8","189.3"
"45","Brandin Cooks","WR","NO","10.3","5.3","29.6","5.7","11","12.3","14.5","5.1","-","10.4","23.9","18.4","3.2","4.3","14","3.5","17.2","11.8","188.7"
"46","Christian McCaffrey","RB","SF","9","6.4","16.2","6.9","12.3","17.4","8.1","7.7","17.9","18.5","BYE","10.7","13.4","6.8","22.6","6.8","7.9","11.8","188.6"
"47","Jordan Howard","RB","FA","14.1","0.7","29.1","13.3","7.6","18.1","6.5","13.6","-","5.4","18.5","2.9","3.8","28","8.3","16.4","1.9","11.8","188.2"
"48","Davante Adams","WR","LAR","6.2","19.9","7.5","8.3","22.1","13.9","2.2","BYE","8.8","17.5","16.6","16.7","6.2","25.4","14.2","-","-","13.3","185.5"
"49","Joe Flacco","QB","CLE","6.8","14.6","-2.9","9.4","8.5","5.4","11.4","8.9","15.1","-","9.2","9.8","18.7","16.8","21.8","17.3","14.1","11.6","185"
"50","Devonta Freeman","RB","FA","10.9","23","21.3","14.8","-","8.9","10.5","6.6","8.4","0.3","-","-","8.6","15.1","27.9","4.6","21.3","13","182.2"
"51","Greg Zuerlein","K","FA","17","9","12","27","4","11","17","-","17","17","1","18","17","5","10","-","-","13","182"
"52","Dion Lewis","RB","FA","0.9","3","3.2","9.2","7.3","11.2","8.7","6.4","-","11.5","16.8","11.8","9.2","9.2","14.5","29.8","28.3","11.3","181"
"53","Duke Johnson Jr.","RB","FA","3","9.5","19.4","16.5","15.8","5.4","10.1","6.3","-","11.8","14.6","8.7","2.2","12.9","12.8","13.6","16.5","11.2","179.1"
"54","Golden Tate","WR","FA","16.4","4.5","15.3","4.6","7.3","19.1","-","10.1","14.8","18.7","4.7","4","10.9","18.5","4.8","2.9","21.9","11.2","178.5"
"55","DeShone Kizer","QB","FA","18.6","1.9","22.1","3.7","2.4","-","0.6","15","-","23","5.4","20.6","13.2","17.3","3.3","4.1","24.7","11.7","175.7"
"56","Lamar Miller","RB","FA","10.6","10.2","6.8","27.1","9.9","9.6","-","20.8","10.6","7.9","16.3","12.3","11.4","7","4.3","7","3.7","11","175.5"
"57","Baltimore Ravens","DST","BAL","25","17","-4","3","12","8","2","29","5","BYE","26","9","16","-1","20","4","3","10.9","174"
"58","Stephen Gostkowski","K","FA","9","12","4","15","15","6","11","14","-","11","20","5","13","9","8","14","6","10.8","172"
"59","Robbie Gould","K","FA","4","10","10","18","13","8","5","6","5","8","-","8","15","17","24","8","11","10.6","170"
"60","Deshaun Watson","QB","CLE","5.7","17.7","20.1","33.7","35.5","23.3","-","32.8","BYE","-","-","-","-","-","-","-","-","24.1","168.9"
"61","Robbie Chosen","WR","SF","4.2","3.8","17","7.4","2.6","9.6","11","19.5","12.8","16.5","BYE","29.6","15.4","4.2","6.5","7.6","0.8","10.5","168.5"
"62","Mike Evans","WR","TB","BYE","18.8","10.2","15.2","7.4","17","18.3","8.5","1.8","-","11.7","10.8","4.3","3.5","16.4","13.7","10","11.2","167.6"
"63","Alshon Jeffery","WR","FA","7.3","18.7","7.6","10.4","4.6","9.1","4.7","15.2","23.4","-","16.7","13.7","8.1","13.7","12.9","0","1.3","10.5","167.4"
"64","Stefon Diggs","WR","NE","24.2","4.1","33.3","12.3","0.9","-","-","4.6","BYE","15.8","5.2","10","4.7","9.4","12.2","14.8","14.7","11.9","166.2"
"65","Philadelphia Eagles","DST","PHI","22","4","4","4","7","8","6","19","8","BYE","22","13","2","11","5","21","10","10.4","166"
"66","Zach Ertz","TE","WAS","13.3","12.2","13.5","10.6","15.1","14.8","17.4","11.4","-","-","1.8","21.3","3.4","-","14.6","12.6","3.4","11.8","165.4"
"67","Devin Funchess","WR","FA","3","8.8","7.8","22.5","14.8","5.1","6.1","2.1","11.1","23.7","-","14.3","14","13.4","2.4","2.6","11.8","10.2","163.5"
"68","JuJu Smith-Schuster","WR","KC","0","9.1","4.9","12.2","7.8","4.7","10.9","28.8","-","18.2","6.7","-","3.7","-","14.4","16.5","24.8","11.6","162.7"
"69","Justin Tucker","K","FA","8","6","1","4","13","12","14","13","9","-","11","14","17","9","10","11","10","10.1","162"
"70","Wil Lutz","K","DEN","14","9","12","10","BYE","11","9","10","7","13","17","10","7","5","7","13","7.4","10.1","161.4"
"71","Los Angeles Rams","DST","LAR","28","2","4","5","8","15","17","BYE","10","15","0","4","20","7","17","4","5","10.1","161"
"72","Harrison Butker","K","KC","-","-","-","12","21","8","14","21","5","BYE","9","5","7","17","14","18","9","12.3","160"
"73","Alex Collins","RB","FA","-","2.2","8.2","6.2","5.5","7.4","3","15.3","5.1","-","15.1","12.7","22.8","23.6","7.7","8.1","16.6","10.6","159.5"
"74","Chris Boswell","K","PIT","3","16","5","9","9","5","19","8","BYE","7","19","7","11","19","8","10","4","9.9","159"
"75","Nelson Agholor","WR","FA","17.6","7.4","3","7.3","17.3","13.5","12.5","4.1","4.6","-","0.3","10.7","23.6","10.4","15.4","5.5","3.3","9.8","156.5"
"76","Ryan Succop","K","FA","12","15","16","2","5","21","15","-","6","7","6","9","7","1","14","11","9","9.8","156"
"77","Tevin Coleman","RB","FA","7.8","11.5","10.4","16.2","-","10.1","1.6","10.9","8.9","15.3","12.3","21.7","6.4","3.2","-","13.2","4.7","10.3","154.2"
"77","Marshawn Lynch","RB","FA","9.7","11.4","3.1","1.2","11.8","6.3","0.9","-","19.3","-","8.2","18.5","19.1","12.9","10.7","8.2","12.9","10.3","154.2"
"79","Jerick McKinnon","RB","FA","5.2","4","1.4","-2","23.6","22.4","7.2","23.2","-","5.7","8.5","5.9","13.7","6.5","17.3","5.6","4.4","9.5","152.6"
"80","Matt Prater","K","FA","7","8","19","6","6","9","-","18","13","9","11","13","2","7","9","5","9","9.4","151"
"80","Los Angeles Chargers","DST","LAC","8","3","5","1","9","6","21","3","BYE","9","25","19","11","8","0","13","10","9.4","151"
"82","Latavius Murray","RB","FA","0.6","0.6","0.5","3.9","5.3","4.3","17.3","5.2","-","12.8","22.1","14.4","11.2","3","16.9","8","23.9","9.4","150"
"83","T.Y. Hilton","WR","FA","5.2","6.9","24.8","4.5","21.2","2.4","3.7","2.5","32","3.3","-","2.5","12.6","3","6.6","13","2.9","9.2","147.1"
"84","Cooper Kupp","WR","SEA","15.6","4.8","2.7","14.5","5.9","4.5","13.1","-","6.9","7.7","7.4","15.6","9.3","20.3","3.1","14.5","-","9.7","145.9"
"85","Kenny Stills","WR","FA","-","10.7","7.1","2.8","1.8","12.9","23.5","9","4.3","9.2","27.5","6.2","16.3","2.8","1.3","5.4","4.9","9.1","145.7"
"86","Detroit Lions","DST","DET","16","11","13","12","3","11","BYE","5","5","14","9","3","-4","13","12","5","16","9","144"
"87","New Orleans Saints","DST","NO","0","-2","14","16","BYE","32","4","8","17","8","1","6","4","8","6","13","8","8.9","143"
"88","Michael Crabtree","WR","FA","11.3","29","1.2","-","17.2","14.2","9.9","10.8","5.5","-","10.1","0","-","11.5","19.4","0","2.7","10.2","142.8"
"89","Jimmy Graham","TE","FA","2.3","0.6","10.7","8.1","12.7","-","12.6","17.9","8.4","17.7","17.3","10.9","10.1","0","0.4","6.8","6","8.9","142.5"
"90","Evan Engram","TE","DEN","6.4","12.9","7","9.2","0","16.7","15","-","15","12.1","1.4","3.3","19.4","7.4","14.1","1.7","-","9.4","141.6"
"91","Mohamed Sanu Sr.","WR","FA","7.7","11","10.8","1.2","-","-","9.5","16.4","9.8","4.4","11.2","16.4","5.8","17.3","3.6","5.1","10.6","9.4","140.8"
"92","Marquise Goodwin","WR","FA","3.6","4.1","7.2","2.3","14.1","4.2","10","0","7.8","16.6","-","9.8","13.9","13.6","17.4","5.2","10.8","8.8","140.6"
"93","Jake Elliott","K","PHI","-","9","12","19","10","11","13","10","10","BYE","1","8","4","14","10","8","0","9.3","139"
"94","Stephen Hauschka","K","FA","3","4","19","15","10","-","14","11","3","4","8","13","4","1","6","11","11","8.6","137"
"95","Robert Woods","WR","PIT","6.8","1.3","13.8","2.7","9.9","7.5","8.8","-","21","33.1","12.1","-","-","-","13.5","4.8","-","11.3","135.3"
"96","Mitchell Trubisky","QB","BUF","-","-","-","-","9.3","9.7","4.6","9.9","-","15.9","14.5","3.1","10","21.3","10.9","18.1","7.3","11.2","134.5"
"97","Amari Cooper","WR","FA","14.7","5.3","1.1","1.9","1.3","5.3","38.5","7.7","7.8","-","10.3","7.4","-","0","-","14.1","19","9.6","134.4"
"98","Chris Thompson","RB","FA","13.6","24.1","27.8","1.2","-","15.8","14.9","11.4","5.1","8.2","9.8","-","-","-","-","-","-","13.2","131.9"
"99","Graham Gano","K","NYG","11","9","8","10","10","12","3","5","9","10","-","11","3","8","7","10","5","8.2","131"
"99","Seattle Seahawks","DST","SEA","7","8","-1","20","14","BYE","7","13","11","8","2","9","9","1","0","20","3","8.2","131"
"99","Pittsburgh Steelers","DST","PIT","17","8","6","14","5","9","9","5","BYE","6","15","3","3","-1","4","18","10","8.2","131"
"102","Jamaal Williams","RB","FA","0.9","1.6","0.6","1.8","0.1","0","0","-","10.2","7.9","11.5","27.5","19.3","27.3","3","5.8","12.8","8.1","130.3"
"103","Giovani Bernard","RB","FA","8.4","3.6","10.9","15.4","4.2","-","1.2","0.5","-0.1","7.3","0.9","3.2","10.6","16","11.8","26.3","10","8.1","130.2"
"104","Kyle Rudolph","TE","FA","10.1","6.5","0.9","4.4","13.5","7.2","6.8","11.7","-","6.2","8.3","20.3","11.6","11.6","8.7","1.1","0.8","8.1","129.7"
"105","Aaron Rodgers","QB","PIT","16.5","18.5","24.8","23.1","24","0.7","-","-","BYE","-","-","-","-","-","21.9","-","-","18.5","129.6"
"106","Derrick Henry","RB","BAL","2.5","15.2","6.9","0.7","0.9","21","3.4","-","10.6","5.2","3.2","9.4","16.9","8","3.8","3.6","18.2","8.1","129.5"
"107","Jack Doyle","TE","FA","5.1","11.9","0.6","5.2","-","12.5","7.4","24.1","10.3","1.9","-","12.9","3.1","7.4","8.2","6.6","11.8","8.6","129"
"108","Paul Richardson Jr.","WR","FA","7.9","8.9","10","8","5","-","13.1","25.5","5.6","4.8","8.1","9","1.8","14.7","2.8","3.1","0","8","128.3"
"109","Theo Riddick","RB","FA","11.6","5.2","5.8","1.7","7.3","7.8","-","5.5","9.3","12.2","4.4","3.5","14.7","24.3","5.6","5.4","3.2","8","127.5"
"110","Jamison Crowder","WR","FA","0.9","6.7","6.2","-0.2","-","4.1","4.1","18","-","10.1","11.1","23.6","7.2","4.9","14","12.7","3.9","8.5","127.3"
"111","Sammy Watkins","WR","FA","8.3","4","25.6","2.2","0","1.6","5.7","-","13.2","11.1","5.1","16.2","11.3","9.6","2.4","10.5","-","8.5","126.8"
"112","Randall Cobb","WR","FA","13","10","-","12.4","4.9","4.3","2.5","-","8.4","7.5","4.9","13.8","0","7.9","17.9","3.6","15.3","8.4","126.4"
"113","Joe Mixon","RB","HOU","3.9","4.6","11.6","6.8","11.1","-","8.3","10.4","12.1","10.5","5.9","24","4.7","-","-","4.2","8.2","9","126.3"
"113","Kenyan Drake","RB","FA","-","-0.3","0.7","2.1","0","0","0","2.2","13.4","16.2","1.9","10.2","21.6","21.8","20.3","5.7","10.5","7.9","126.3"
"115","Trevor Siemian","QB","TEN","22.7","22.6","7.6","11.3","-","15.9","5.7","7.9","-","-","-","14.9","3.6","13.3","0.7","-","-","11.5","126.1"
"116","Chicago Bears","DST","CHI","2","4","9","-2","7","15","30","7","BYE","3","5","6","5","11","7","14","2","7.8","125"
"116","Carolina Panthers","DST","CAR","15","10","0","2","8","4","12","16","5","2","BYE","11","3","12","11","13","1","7.8","125"
"116","Adam Vinatieri","K","FA","3","8","7","5","18","12","-","11","10","6","-","11","4","1","8","11","10","8.3","125"
"119","Brett Hundley","QB","FA","-","-","-","0","-","4.6","11.9","-","18","14.1","3.5","22.4","8","25.7","-","6","9.9","11.3","123.9"
"120","Jay Ajayi","RB","FA","-","13.6","3.5","5.9","6.9","13","9.2","6.1","13.7","-","10.6","3.8","6.1","8.5","9.9","12.3","-","8.8","123.1"
"121","Cameron Brate","TE","FA","-","3.4","11.3","16","15.3","16.6","9","8.4","1.4","1.5","1.7","1.1","16.9","1.6","6.9","2.8","5.2","7.4","119.1"
"122","Kansas City Chiefs","DST","KC","3","11","12","9","4","4","0","20","0","BYE","6","3","-4","10","14","8","18","7.4","118"
"123","Tarik Cohen","RB","FA","21.3","8.8","12.2","6.8","1.2","7.9","7.5","7.3","-","1.6","13.9","0.7","6.4","9.5","3.7","3.1","5.7","7.4","117.6"
"124","Minnesota Vikings","DST","MIN","2","2","9","7","6","14","6","8","BYE","2","8","7","4","3","17","15","7","7.3","117"
"125","Tyrell Williams","WR","FA","7.9","7.4","2.5","20","2.7","2.2","1.6","2.9","-","5.9","1.6","12.8","1.3","21.2","4.6","7.5","14.2","7.3","116.3"
"126","New England Patriots","DST","NE","1","2","6","5","3","9","6","10","BYE","6","9","17","13","2","4","10","13","7.3","116"
"127","Jason Witten","TE","FA","15.4","20.7","0.8","1.4","8.1","-","13.4","4.6","1","9.4","1.2","7.9","7.3","8.5","6.7","6.4","2.7","7.2","115.5"
"128","Sterling Shepard","WR","TB","8.5","4","22.8","7.9","1.4","-","-","-","9.5","19.7","-","-","7.1","1.7","25.4","7","-","10.5","115"
"129","Rex Burkhead","RB","FA","2.8","11.9","-","-","-","-","4.7","11.8","-","13.8","5.7","18.3","23.8","13.8","8.2","-","-","11.5","114.8"
"130","DeSean Jackson","WR","FA","-","5.4","16.4","3","13.1","11.3","9.8","5.2","4.3","11.2","9.8","10","3.4","8.4","2.3","-","-","8.1","113.6"
"131","Ameer Abdullah","RB","SF","5.6","8.6","10.1","18.4","3.9","5.4","-","5.3","10.2","12","10.5","5.8","-","-","3.6","3.1","9.4","8","111.9"
"132","Keelan Cole Sr.","WR","FA","0","2.3","1.8","1.5","0.9","1.2","7.4","-","6.2","7.6","3.9","4","12.4","17.4","28.1","13.8","3.3","7","111.8"
"133","Arizona Cardinals","DST","ARI","8","10","0","6","2","6","2","BYE","13","5","4","10","3","11","4","24","3","6.9","111"
"133","Tennessee Titans","DST","TEN","2","9","1","0","9","4","12","BYE","7","6","-1","11","10","12","3","9","17","6.9","111"
"135","Washington Commanders","DST","WAS","12","7","14","4","BYE","5","4","4","7","0","3","13","-3","9","10","14","6","6.8","109"
"135","Brandon McManus","K","GB","6","6","10","11","-","4","0","7","15","10","6","2","3","14","6","3","6","6.8","109"
"137","Danny Amendola","WR","FA","13","-","6.3","13.2","11.7","5.5","3.2","2.4","-","5.6","16.6","2","4.4","10.6","3.3","4.3","6.3","7.2","108.4"
"138","Martavis Bryant","WR","FA","2.4","17.3","4","6.3","5.9","3.7","1","-","-","6.8","4","12.1","6","6.3","13.9","8.3","9.5","7.2","107.5"
"139","Travis Benjamin","WR","FA","11.8","1.6","13.9","3.1","4.2","0","11.1","16.3","-","1.3","3.3","7.1","8.8","5.3","1.9","-0.4","18","6.7","107.3"
"140","Benjamin Watson","TE","FA","0","13.1","8.7","6.8","1.2","5.8","6.3","7.6","7.6","-","3.8","4.4","9.9","0","15.4","6.5","9.6","6.7","106.7"
"141","Denver Broncos","DST","DEN","4","13","4","9","BYE","5","3","5","6","-3","4","4","13","18","5","4","12","6.6","106"
"141","Dallas Cowboys","DST","DAL","12","2","7","-3","5","BYE","15","18","5","3","-1","0","13","8","1","4","17","6.6","106"
"141","Tampa Bay Buccaneers","DST","TB","0","19","-1","0","8","8","2","3","6","14","18","1","5","6","2","5","10","6.2","106"
"144","James White","RB","FA","8.3","13.6","3.3","10.4","9.5","6.5","13.2","11.2","-","9.3","1.3","2","7","8.6","1.8","-","-","7.6","106"
"145","Eric Ebron","TE","FA","1.9","12.7","1.9","3.7","1.1","1.4","-","6.8","5","10.9","6.9","5.4","5.8","12.4","11.8","16.8","1.4","6.6","105.9"
"146","Jared Cook","TE","FA","8.1","4.5","12.3","6.1","2","2.4","13.7","7.7","16.6","-","4.6","0.7","1.4","16","2.7","2","5","6.6","105.8"
"147","Hunter Henry","TE","NE","0","11.5","0","8.6","11.7","11.5","9.3","2.1","BYE","1.2","3.5","16.1","11.6","13","4.3","-","-","7.5","104.4"
"148","Ka'imi Fairbairn","K","HOU","1","8","16","18","2","6","BYE","8","2","1","7","10","8","6","1","0","10","6.5","104"
"148","Buffalo Bills","DST","BUF","9","10","8","14","8","BYE","7","15","0","-2","-3","8","5","5","10","6","4","6.5","104"
"150","Ryan Grant","WR","FA","8.1","7.6","4.6","8.6","-","5.4","3.4","6.3","5.4","4","13.4","0.8","16.1","3.3","3","10.5","3.3","6.5","103.8"
"151","Tyler Kroft","TE","FA","1","0","4.3","21.8","5.8","-","10.3","7.1","8.9","0.9","8.2","8.9","4","0","1.1","0.8","20.3","6.5","103.4"
"152","Josh Doctson","WR","FA","0","0","11.7","3.7","-","7.6","5.4","6.6","7.4","5","10.1","9.8","10.1","4.9","1.2","13.1","5.7","6.4","102.3"
"153","DeVante Parker","WR","FA","-","10.5","17.6","9.9","1.1","-","-","-","10.1","9.6","4.6","1","1","6","11.9","8.8","9.4","7.8","101.5"
"154","Vernon Davis","TE","FA","0","1.8","14.3","9.9","-","6","8.7","3","10.2","11.1","8.2","0","2.5","9.6","0.8","11.2","3","6.3","100.3"
"155","William Fuller V","WR","FA","-","-","-","17.9","19.2","13.2","-","27","4.2","2.5","-","-","-","4.1","6.9","1.5","2.7","9.9","99.2"
"156","Atlanta Falcons","DST","ATL","5","13","3","4","BYE","3","2","6","6","16","12","2","3","5","4","3","12","6.2","99"
"157","Adam Humphries","WR","FA","-","2.8","9.8","10","6.6","8.1","0.3","4.6","2.4","2.7","2.1","5.8","5.3","4","13.4","6.6","13.7","6.1","98.2"
"158","Samaje Perine","RB","CIN","0","7.2","4","2.7","-","12.2","0","0","0.9","6.5","19.1","14.5","8.4","7.2","7.6","6.9","0.3","6.1","97.5"
"159","Cincinnati Bengals","DST","CIN","4","7","14","8","9","BYE","-1","13","2","6","9","5","3","1","3","5","9","6.1","97"
"159","Cody Parkey","K","FA","-","15","0","0","5","9","7","0","5","3","8","5","7","10","11","8","4","6.1","97"
"161","Tyler Lockett","WR","TEN","1.3","9.4","4","11.1","4.8","-","6.4","14.9","2","2.1","5.7","0.2","8.7","18","1.8","1.4","4","6","95.8"
"162","Austin Hooper","TE","NE","19.8","1.7","1.4","7.5","-","8.3","1.1","12.7","5.1","13.9","0.9","5.3","3.6","3.3","2.2","3.3","5","5.9","95.1"
"163","Albert Wilson","WR","FA","6.2","3.6","8.9","8.9","2.8","-","12.8","0","-","-","-","11.1","4.2","9.7","2","5.1","19.7","7.3","95"
"164","Austin Ekeler","RB","WAS","2.8","0","1.1","12.8","4.3","1.4","12.4","2.6","-","24.4","12.8","8.5","5","4.9","0.4","0","0","5.8","93.4"
"165","Matt Breida","RB","FA","1.1","4.3","4.4","2.5","8.6","4.6","0.5","13.6","2.9","12.3","-","2.9","5.4","2.7","1.6","14.7","10.9","5.8","93"
"166","Marlon Mack","RB","FA","11","1.3","-","-","15.8","1.8","8.6","13.8","2.9","3.6","-","4.1","5.9","5.4","1.4","6.4","10.8","6.6","92.8"
"167","Chris Hogan","WR","FA","3","16.3","20.8","14.5","17.4","2.4","9.1","8.5","-","-","-","-","-","0.6","-","-","-","10.3","92.6"
"168","Green Bay Packers","DST","GB","9","2","6","10","12","4","6","BYE","2","6","5","6","16","6","0","4","-2","5.8","92"
"169","Randy Bullock","K","FA","0","9","7","8","8","-","2","6","-","2","2","13","9","1","1","16","7","6.1","91"
"170","Emmanuel Sanders","WR","FA","4.1","21.2","11","4.7","-","10.1","-","-","3.5","16.7","2.5","2.7","2.1","2.1","10.3","-","-","7.6","91"
"171","Miami Dolphins","DST","MIA","0","2","6","2","20","5","6","0","5","-4","1","7","27","7","2","0","4","5.3","90"
"172","C.J. Beathard","QB","FA","-","-","-","0","-","13.2","14.4","10.7","17.4","25","-","8.1","-","-","-","-","-","12.7","88.8"
"173","O.J. Howard","TE","FA","-","2.2","1.7","13.3","0","2","24.8","2.6","-0.9","0","12.7","6.7","2.2","11.4","9.5","-","-","6.3","88.2"
"174","New York Giants","DST","NYG","2","5","5","1","4","21","3","BYE","-4","3","11","15","3","-1","0","7","13","5.5","88"
"175","Wayne Gallman Jr.","RB","FA","-","-","-","12","10.7","4.2","3.9","-","2.1","2.2","2.7","5.3","2.4","13.4","10.9","9.2","8.9","6.8","87.9"
"176","Jimmy Garoppolo","QB","LAR","-","-","-","-","-","-","-","BYE","-","-","-","5.1","10.5","15.1","19.1","22","15.6","14.6","87.4"
"176","Corey Clement","RB","FA","0","0","8.2","3","4.4","0.2","8","5.4","25.1","-","13","4.4","5.2","5.7","2.3","2.5","0","5.5","87.4"
"178","Josh Lambo","K","FA","-","-","-","-","-","-","10","-","13","6","7","7","10","14","9","6","5","8.7","87"
"179","Indianapolis Colts","DST","IND","2","7","6","8","2","5","5","9","8","5","BYE","5","0","8","4","2","10","5.4","86"
"180","George Kittle","TE","SF","5.2","2.3","1.3","4.5","17.8","6.6","2.1","3.2","4.2","-","BYE","1.9","3","2","7.2","11.7","12","5.7","85"
"181","Aldrick Rosas","K","FA","3","4","7","5","2","14","1","-","7","9","6","4","7","4","5","0","6","5.3","84"
"181","Mason Crosby","K","FA","6","5","9","5","5","4","6","-","5","14","0","4","8","3","6","0","4","5.3","84"
"183","Rod Smith","RB","FA","0","0.8","0","0","2.3","-","7.1","0","0","4.9","1.1","11.8","8.7","30.5","10.9","4.8","-","5.5","82.9"
"184","Houston Texans","DST","HOU","0","9","9","19","-3","22","BYE","0","12","2","6","1","4","4","-3","-1","1","5.1","82"
"185","Dan Bailey","K","FA","15","7","4","6","8","-","2","-","-","-","-","0","8","6","9","16","0","6.8","81"
"186","Kenny Golladay","WR","FA","20.9","1.3","3.5","-","-","-","-","-","-","7.4","6.2","7.1","5.4","4.1","4.9","4.8","15","7.3","80.6"
"187","J.D. McKissic","RB","FA","-","-","-","19","5.1","-","4.3","1.7","3.6","6.6","7.8","6.6","7.9","6","7.3","0","4.4","6.2","80.3"
"188","Ty Montgomery II","RB","FA","17.3","26","9","2.8","-","3.6","2","-","5.6","13.8","-","-","-","-","-","-","-","10","80.1"
"189","Allen Hurns","WR","FA","5.7","17.2","9.5","6.2","3.1","5.2","12.6","-","4.6","10.5","-","-","-","-","-","-","5.3","8","79.9"
"190","San Francisco 49ers","DST","SF","4","7","0","9","6","5","-4","5","5","5","BYE","2","3","6","3","12","11","4.9","79"
"191","J.J. Nelson","WR","FA","12.8","20.5","0","4.9","9.4","1.6","4.9","-","2","2.2","1.9","1.9","5.2","3.6","5.8","0","2.3","4.9","79"
"192","David Njoku","TE","CLE","3","10.2","8.2","2.1","12.4","1","6.8","2.9","BYE","0.8","1.8","6.7","15.4","0.8","0","1.8","4.8","4.9","78.7"
"193","Zane Gonzalez","K","FA","4","4","4","1","2","6","12","4","-","6","1","10","4","3","5","4","8","4.9","78"
"194","Peyton Barber","RB","FA","-","4.7","0","0.2","0","0","0","0","6.4","-0.2","2.1","12.7","16.3","6.8","6.3","6.5","15.9","4.9","77.7"
"195","Jesse James","TE","FA","19.1","4.7","2.9","5.5","3.9","0","0","5.2","-","0","10.6","4.7","1.8","14.7","1.7","0","1.9","4.8","76.7"
"196","Devontae Booker","RB","FA","-","-","-","1.4","-","10","4.3","12.9","4","3.4","12.3","4.3","1.3","4.4","5.4","7.6","5.1","5.9","76.4"
"197","Marcedes Lewis","TE","FA","0","0","26.2","0","1.9","0","9.9","-","6.4","3.9","9.6","1.5","8.6","0","2.8","2.7","2.3","4.7","75.8"
"198","Chris Godwin","WR","TB","BYE","0","5.9","0","1.3","1.4","1","1.3","1.4","9.3","4.8","2.2","3.4","9.3","2.3","11.3","20.6","4.7","75.5"
"199","Aaron Jones Sr.","RB","MIN","-","0","0","10.9","19.9","4.7","21.3","-","2.1","1.7","-","-","8","-0.2","5.8","1.3","-","6.3","75.5"
"200","Trent Taylor","WR","SF","1.3","1.6","10.7","7.2","1.1","2.1","4.4","4.8","3.2","-","BYE","4.5","12.2","2.1","6","9.4","3.9","5","74.5"
"201","Cleveland Browns","DST","CLE","4","6","4","4","6","9","8","3","BYE","5","8","0","2","1","1","7","6","4.6","74"
"202","Cole Beasley","WR","FA","4.7","5.3","0.9","3.2","16.3","-","2.9","1.8","16.4","3.3","1.7","2.9","2.4","7.4","2","2.2","-","4.9","73.4"
"203","Adrian Peterson","RB","FA","1.8","2.6","4.7","0.4","-","25.4","3.8","-","15.7","2.7","4.4","11.9","-","-","-","-","-","7.3","73.4"
"204","T.J. Yeldon","RB","FA","-","-","-","-","-","-","20.7","-","4.2","8","2.5","7.7","3.5","0.9","7.2","17.2","0.8","7.3","72.7"
"205","Jalen Richard","RB","FA","3.3","17.9","1.3","3.2","3.7","4.1","9.6","6.1","1.4","-","3.8","10","1.4","0","3.1","2.6","1.1","4.5","72.6"
"206","New York Jets","DST","NYJ","4","-4","14","4","8","4","6","5","13","4","BYE","2","1","2","5","1","2","4.4","71"
"207","Cordarrelle Patterson","RB","FA","1.2","12.8","1.7","6.5","0","12.5","1.4","2.2","0","-","6.5","8.7","11.8","2.3","0.8","1.2","0.9","4.4","70.5"
"208","Trey Burton","TE","FA","0","1.5","1.7","0","8.6","1.4","1.2","3.1","11.1","-","2","-","6.2","21.6","8.5","0","1.4","4.6","68.3"
"209","Las Vegas Raiders","DST","LV","2","9","5","5","0","4","0","-1","3","-","0","8","8","6","7","10","2","4.3","68"
"209","DeAndre Washington","RB","FA","3.2","5","4.9","0.4","-","0.7","11.5","16.8","1.9","-","2.9","6.1","7.6","2.4","2.9","0.4","1.3","4.5","68"
"211","Elijah McGuire","RB","FA","0","4.1","1.4","20.1","4","2.2","0.7","0.2","4.4","7.8","-","3.9","4","-0.3","14.7","-2","2.5","4.2","67.7"
"212","Bennie Fowler III","WR","FA","15.6","1.3","7.5","4.5","-","3.6","7","4.5","0","0","2.3","10.8","2.8","0","0","0","7.6","4.2","67.5"
"213","Taylor Gabriel","WR","FA","5.1","3.1","16.4","0","-","5.9","2.9","0.2","7.4","8.8","1.7","3.1","1.6","2.4","2.9","3.7","0","4.1","65.2"
"214","Donte Moncrief","WR","FA","5.5","2.8","5.4","10.5","4.7","9.2","4","0","1.2","12.5","-","2.1","6.2","-","-","-","-","5.3","64.1"
"215","Dustin Hopkins","K","CLE","5","10","9","9","-","9","-","-","BYE","-","-","-","-","-","8","9","5","8","64"
"216","Brian Hoyer","QB","FA","3.2","2","26.2","7.7","22.1","1.4","-","-","-","1.5","0","-","-0.2","-","-","-0.1","0.2","5.8","63.9"
"217","Blaine Gabbert","QB","FA","-","-","-","-","-","-","-","-","-","-","19.6","17.3","10","8.3","6.4","-","-","12.3","61.6"
"218","Odell Beckham Jr.","WR","FA","-","5.6","24.4","12.5","19","-","-","-","-","-","-","-","-","-","-","-","-","15.4","61.5"
"219","Dalvin Cook","RB","FA","15.2","7.4","25.4","11.9","-","-","-","-","-","-","-","-","-","-","-","-","-","15","59.9"
"220","John Brown","WR","FA","6.2","-","-","6.2","9.6","13.8","1.1","-","5.7","3.7","3.3","-","-","-","-","9.8","0","5.9","59.4"
"221","Zay Jones","WR","ARI","2.6","2.8","0","2.3","1.4","-","2.7","4.7","14.3","-","8.8","10.8","3.2","0","0","0","3.5","3.8","57.1"
"222","Rashard Higgins","WR","FA","-","13.4","2","0","1.7","1.8","1.6","1.9","-","5.4","0","4","0","0","2","1","20.3","3.7","55.1"
"223","D'Onta Foreman","RB","FA","0.4","4","10","4.5","2.2","5.9","-","0","3.7","1.8","21.5","-","-","-","-","-","-","5.4","54"
"223","Mike Nugent","K","FA","-","-","-","-","-","-","-","16","4","1","11","-","-","9","5","2","6","6.8","54"
"225","Corey Coleman","WR","FA","13.8","1.4","-","-","-","-","-","-","-","-","11","7.9","0","14.7","2.1","0.8","2.3","6","54"
"226","Dede Westbrook","WR","FA","-","-","-","-","-","-","-","-","-","-","5","7.1","10.8","16.6","3.1","9.4","1.4","7.6","53.4"
"227","Nick O'Leary","TE","FA","2.7","0","3.6","0","7.9","-","6.8","1","5.1","7.2","1.3","2.8","-","1.4","4.3","0","9.1","3.5","53.2"
"228","Kyle Juszczyk","RB","SF","2.7","0","3.9","3.8","8.7","-","-","1.2","-0.5","3.2","BYE","1.8","3.8","7.9","2.6","10.1","3.9","3.8","53.1"
"229","Jason Myers","K","SEA","12","5","15","8","7","6","-","-","-","-","-","-","-","-","-","-","-","8.8","53"
"230","Dontrelle Inman","WR","FA","-","0","0.7","1.2","0","-","-","-","-","11.8","5.8","8.4","9.1","0","1","2.9","11.9","4.4","52.8"
"231","Stephen Anderson","TE","FA","2.4","-","1.9","3.8","7.3","2.7","-","1.6","6.4","4","2.7","0","16.4","2.6","0","0","0.9","3.5","52.7"
"232","Corey Davis","WR","FA","9.9","0.9","-","-","-","-","-","-","3.8","4.8","4.2","5.9","2.2","4.4","4.3","12.1","0","4.8","52.5"
"233","Chris Moore","WR","WAS","0","-","0","-","BYE","5.9","10.1","0","2.1","-","0","5.2","4.3","12.3","0","3.9","7.1","3.9","50.9"
"234","Drew Stanton","QB","FA","-","-","-","-","-","-","1","-","14.2","15","-","-","-","-","-","12.5","7.7","10.1","50.5"
"235","Justin Hardy","WR","FA","0","2.4","0","8.2","-","4.9","3.1","0","3.6","7.7","4.2","0","0","0","10.3","1.5","4.2","3.1","50.1"
"236","Damien Williams","RB","FA","-","0","1.6","0.1","3.3","3.8","3","0.4","15.1","4.9","10.7","6.7","-","-","-","-","-","4.5","49.6"
"237","Josh Gordon","WR","FA","-","-","-","-","-","-","-","-","-","-","-","-","10.5","14.4","7.2","2.9","13.5","9.7","48.5"
"238","Tyler Higbee","TE","LAR","2.7","0","0.9","6.2","11.8","0.5","2.8","BYE","7.3","3.2","1","6.3","1.1","0","1.7","2.5","0","3","48"
"239","Luke Willson","TE","FA","0","4","12.8","7.1","0","-","1.8","0","7.5","0","0.9","0","0","1.7","9.1","1.9","0","2.9","46.8"
"240","Chester Rogers","WR","FA","-","-","-","-","-","0","3.1","1.9","2.2","19.7","-","4.9","5.3","1.6","0.7","2.4","4.9","4.2","46.7"
"241","Jordan Reed","TE","FA","6.1","7.8","-","3.6","-","5.7","22.4","1","-","-","-","-","-","-","-","-","-","7.8","46.6"
"242","Tyler Boyd","WR","FA","1.6","-","1.6","2.5","1.6","-","-","-","-","-","1","8.7","2.5","2","-","6.4","17.6","4.6","45.5"
"243","Jordan Matthews","TE","FA","7.1","4.5","7.6","8","-","-","2","3.6","5.6","1.9","-","2.5","1.9","-","-","-","-","4.5","44.7"
"244","Mike Davis","RB","FA","-","-","-","-","-","-","-","-","-","-","6.9","-","12.1","7","4.9","6.3","7.4","7.4","44.6"
"245","Darren Fells","TE","FA","0","0.8","1.3","6","15.4","9.6","-","1.7","1.5","0","1.4","0","2","2.8","0","0","1.7","2.8","44.2"
"246","Ricky Seals-Jones","TE","FA","-","-","0","0","0","-","-","-","-","-","18.9","15.2","5.4","2.5","2.1","0","0","4.4","44.1"
"247","Gerald Everett","TE","FA","4.4","11","0","1.3","1.3","6.9","0","-","6.2","0","1.3","1.4","7.7","1.1","0","0","1.1","2.7","43.7"
"248","Taywan Taylor","WR","FA","2.4","6.3","2.5","0.6","0.5","13.1","6","-","0.1","4.8","0","1.3","2.5","0","0.8","0","0.5","2.6","41.4"
"249","Matt Moore","QB","FA","-","-","-","-","-","-","13.5","3","-","-","15.3","9.5","-","-","-","-","-","10.3","41.3"
"250","Malcolm Brown","RB","FA","7.6","0.1","-","1.9","3.9","1.7","6","-","5.7","-","-","-","-","0.5","4.5","0.4","8.1","3.7","40.4"
"251","Wendell Smallwood","RB","FA","1.4","0.6","8.5","15.9","-","-","4.9","1.9","2.5","-","-","-","-","-","-","-","4.5","5","40.2"
"252","Jakeem Grant Sr.","WR","FA","-","0","1.7","0","0.4","0.9","0","0","0","0","-2","0","0.2","11.2","2.5","19","4.1","2.4","38"
"253","Demetrius Harris","TE","FA","8.5","0","0","0","3.6","0","2.6","0","0","-","0","4.3","0","3","1.2","5.4","8.8","2.3","37.4"
"254","Adam Shaheen","TE","FA","0","0","6.7","0","0","0","0","0","-","4.9","12.1","0.6","0","12.4","-","-","-","2.8","36.7"
"254","Jonnu Smith","TE","PIT","0","10","8.9","0","4.6","1.5","3.2","-","0","3","0","0","0","0","1","1.8","2.7","2.3","36.7"
"256","Mack Hollins","WR","NE","0","4.7","0","0","0","4.8","12.9","4","1.3","-","1.2","2.2","1.5","0","0","0","4","2.3","36.6"
"257","Nick Boyle","TE","FA","1.9","1.4","2.4","6.1","1.4","4.5","2.2","4.9","-","-","0.7","1.4","1.6","0.6","1.4","2.4","3.4","2.4","36.3"
"258","Chris Carson","RB","FA","5.4","10.5","12.2","8.1","-","-","-","-","-","-","-","-","-","-","-","-","-","9.1","36.2"
"259","Tavon Austin","WR","FA","0.3","0.8","-0.6","5.1","9.6","0","5.2","-","4.3","0.2","0","3.1","0.8","-2.3","4.4","0","5.3","2.3","36.2"
"260","Geronimo Allison","WR","FA","-","3.9","15.2","0","0","1.2","1.9","-","0","0","0","0","0","4.9","3.8","1.4","2.5","2.3","34.8"
"261","Kevin Hogan","QB","FA","-","7.2","-","2.6","16.8","7.2","-","-","-","-","-","-","-","-","-","-","-","8.4","33.8"
"262","Nick Foles","QB","FA","-","-","-","-","-","-","-","-0.2","-0.7","-","-","-1.5","-","2.6","25.5","8.5","-0.4","4.8","33.8"
"263","Mike Glennon","QB","FA","12.5","10","6.4","4.7","-","-","-","-","-","-","-","-","-","-","-","-","-","8.4","33.7"
"264","Kendrick Bourne","WR","NE","0","-","-","-","-","-","0","0","4.9","5.7","-","3.2","0","3.9","10.5","1.7","3.8","3.1","33.7"
"265","Greg Olsen","TE","FA","2.8","1.5","-","-","-","-","-","-","-","-","-","1.5","-","0","22.1","4.2","1.5","4.8","33.6"
"266","Virgil Green","TE","FA","4.9","8.1","3.3","0","-","2.9","1.2","2.1","0","0","2.3","2.1","4.1","0","0","0","1.1","2","32.1"
"267","Vance McDonald","TE","FA","0","-","0","0","0","3.1","4.7","-","-","8.6","-","-","-","7.2","-","7.2","1","3.2","31.8"
"268","Demarcus Robinson","WR","SF","0","0","1.9","0","2.1","2.1","9.4","1","2.8","-","1.2","3.4","2.7","0","0","0","5.1","2","31.7"
"269","Ryan Griffin","TE","FA","0","-","14.6","2.3","3.2","8.7","-","1.5","0","-","-","-","-","-","-","-","-","4.3","30.3"
"270","Elijhaa Penny","RB","FA","0","0","0","0.1","1.1","0","0","-","0","0","0","0","6.4","3.4","4.5","4.8","9.9","1.9","30.2"
"271","Laquon Treadwell","WR","IND","1.2","4.8","0.7","0","0","6.6","4.3","2.6","-","0","2","0","1.4","3.3","0","0","3.1","1.9","30"
"272","Alex Erickson","WR","FA","0","8.4","0","0","1.1","-","2.7","-0.6","0","1.5","11.2","2.3","0","1.4","1.6","0","0","1.9","29.6"
"273","Nick Folk","K","NYJ","-","14","6","7","2","-","-","-","-","-","BYE","-","-","-","-","-","-","7.3","29"
"274","Damiere Byrd","WR","FA","0","0","0","1.2","-","-","-","-","-","-","-","-","1.7","6.2","16","3.6","-","3.6","28.7"
"275","Richard Rodgers","TE","FA","0","3.2","0","0","2.1","0","0","-","1","1.3","0.8","3","0.9","0","15.7","0","-","1.9","28"
"276","James O'Shaughnessy","TE","FA","2.3","0","1.7","0","0","2.1","0","-","1.1","0","1.7","1.2","3.4","0","2","12.4","0","1.7","27.9"
"277","Phillip Dorsett II","WR","LV","0","9","0","2.2","0","0","0","0","-","2.6","0","4.4","0","-","0.9","2.9","4.1","1.7","26.1"
"278","Cairo Santos","K","CHI","6","9","6","-","-","-","-","-","BYE","-","-","3","2","-","-","-","-","5.2","26"
"279","Curtis Samuel","WR","BUF","0","1.7","4.6","-","0","0.8","2.5","3.6","5.2","7","-","-","-","-","-","-","-","2.8","25.4"
"280","Nick Vannett","TE","MIN","1.5","0","0","0","1.3","-","1.7","1.3","0","3.2","0","9.9","5.5","0","0","0","-","1.6","24.4"
"281","Levine Toilolo","TE","FA","0","0","0","3.6","-","0","0","3","1.3","1.5","10.1","0","3.5","1.2","0","0","-","1.6","24.2"
"282","D.J. Foster","RB","FA","-","-","-","-","-","-","-","-","-","-","3.6","3.7","3.5","2.3","4.2","3.9","2.5","3.4","23.7"
"283","Chris Conley","WR","FA","5.3","7.5","0","4.1","6.1","-","-","-","-","-","-","-","-","-","-","-","-","4.6","23"
"284","Eric Tomlinson","TE","FA","3.5","-","-","0","3.9","0","3.1","8.5","1.1","0","-","0","0","0","0","0","2","1.6","22.1"
"285","Tommylee Lewis","WR","FA","6.2","2.1","3.8","0.6","-","-","0","0","0","0","0","0","0.7","10","0.6","0","-2","1.5","22"
"286","Josh Reynolds","WR","NYJ","0","3.3","0","0","0","0","0","-","0","0","0","11.7","1.6","2.7","0","0","2.6","1.4","21.9"
"287","Josh Hill","TE","FA","0","4.4","0.8","0","-","0","0","4.4","0","-1.7","6","0","-0.7","2.4","2.7","2.1","1.3","1.4","21.7"
"288","Maxx Williams","TE","FA","1","4.3","-","-","-","-0.9","-","-","4.4","-","1.6","1.7","0.6","0","0.4","7.6","0","1.9","20.7"
"289","C.J. Uzomah","TE","FA","-","-","0","1.6","2.6","-","1.2","0","0","0","0","0","2.6","0","4.4","6.6","1.2","1.4","20.2"
"290","Kenjon Barner","RB","FA","-","-","-","0","2.3","2.1","0.4","2.1","0","-","9.1","0","0","0","2.1","0","1.7","1.5","19.8"
"291","Daniel Brown","TE","FA","0","0","-","-","0","0","0","1.4","-","3.3","3.3","3","1.8","1.9","4.7","0","0","1.4","19.4"
"292","Younghoe Koo","K","ATL","3","6","4","6","BYE","-","-","-","-","-","-","-","-","-","-","-","-","4.8","19"
"293","Jaydon Mickens","WR","FA","-","-","-","-","-","-","0","-","0","1.6","0","-2","0","0","20.1","1","-2","1.9","18.7"
"294","Anthony Sherman","RB","FA","0","0","1.6","0","0","0","0","0","0","-","1.6","0.9","0","0","0","0","13.6","1.1","17.7"
"295","C.J. Ham","RB","MIN","0","6.1","1.7","0","1.6","0","1.7","0","BYE","0.3","0.8","0","1.8","1.4","1.1","0","1.1","1.1","17.6"
"296","Paul Perkins","RB","FA","3.5","3.2","4","2.4","-","-","-","-","0","0","-","0","1.2","0","-","1","2.3","1.6","17.6"
"297","Logan Thomas","TE","FA","0","0","0","0","0.8","-","8.7","1.2","3.5","0","-","-","2","0","0","-","-","1.4","16.2"
"298","Josh Malone","WR","FA","-","-","-","-","-","-","0","10.5","1.8","1.1","0","0","1.9","0","0.4","-0.2","0","1.4","15.5"
"299","Patrick Ricard","RB","BAL","0","0","0","0","0","0","0","0.6","0","BYE","0","0","6.8","7.1","0","0","0.7","1","15.2"
"300","Mike Williams","WR","FA","-","-","-","-","-","2","0","1.2","-","3.4","6.3","0","-","0.8","0","0","1.3","1.5","15"
"301","James Conner","RB","ARI","1.1","0.9","0","2.6","0.9","1.4","1.9","0.1","-","1.2","1.2","0","1.2","0.6","1.3","-","-","1","14.4"
"302","C.J. Prosise","RB","FA","1.1","3.7","8.9","-","-","-","0","-","-","0.3","-","-","-","-","-","-","-","2.8","14"
"303","Chad Hansen","WR","FA","0","0","-","0","0","0","0","0","0","4.8","-","0","3.5","0","3.6","0","2","0.9","13.9"
"304","Roosevelt Nix","RB","FA","0","0","0","0","0","0","0","0","-","0","0","0","0","6.6","0","6.1","0.9","0.9","13.6"
"305","Jerell Adams","TE","FA","0","4.3","0","0","1.6","1.1","0","-","0","0","1.1","0","0","0","0","5.1","0","0.8","13.2"
"306","Marvin Hall","WR","FA","-","-","-","-","-","10.5","-","0","-","0","0","-","2.5","0","0","0","-","1.6","13"
"307","Breshad Perriman","WR","FA","1","0","0","1.1","2.5","0","-","0","4.3","-","-","0","-","-","1.4","2.4","-","1.2","12.7"
"307","Andy Janovich","RB","FA","0","0","0.2","0","-","0","2.7","0","0","0.3","0","0.4","0","6.1","-0.1","3.1","0","0.8","12.7"
"309","Pharoh Cooper","WR","FA","0","0","-1.1","0","3.2","0","0","-","1.4","2.2","0","1.4","0.8","0.6","0","0","4","0.8","12.5"
"310","Mike Thomas","WR","FA","-","-","-","-","-","0","-","-","-","-","1.7","0","0","1.1","0","0","9","1.5","11.8"
"311","Lee Smith","TE","FA","0","1.4","0","2.5","0","0","0","2.6","0","-","0","1.7","0","0","0.8","2.6","0","0.7","11.6"
"312","Willie Snead IV","WR","FA","-","-","-","-","-","1.6","-","0","-2","0","1.7","1.4","4.1","0.5","2.8","1.1","0","1","11.2"
"313","Ross Travis","TE","FA","0","0","0","0","3.6","0","0.8","0","0.8","-","1.6","0","-","0","4.3","0","0","0.7","11.1"
"313","Derek Carrier","TE","FA","1.7","1.4","2.2","0","0","0","0","-","1","-","-","0","1.9","0","0.9","0","2","0.8","11.1"
"315","Luke Stocker","TE","FA","-","0","0","0","0","1","0","0","8.3","0","-","-","-","-","0","0","1.7","0.9","11"
"316","Trey Edmunds","RB","FA","0","0","0","0","-","0","0","0","0","10.8","0","0","0","0","0","0","0","0.7","10.8"
"317","Nathan Peterman","QB","FA","-","-","-","-","-","-","-","-","-","7.2","-7","-","2.9","7.3","-","-","-","2.6","10.4"
"318","Patrick Mahomes II","QB","KC","-","-","-","-","-","-","-","-","-","BYE","-","-","-","-","-","-","10.4","10.4","10.4"
"319","David Johnson","RB","FA","10","-","-","-","-","-","-","-","-","-","-","-","-","-","-","-","-","10","10"
"319","Sam Ficken","K","FA","-","-","-","-","-","-","-","-","-","-","-","-","-","-","-","3","7","5","10"
"321","Geno Smith","QB","LV","-","-","-","-","-","-","-","-","-0.1","-","-","-","9.8","-","-","-","-","4.8","9.7"
"322","Tyler Ervin","RB","FA","4.6","3.1","1.3","0","-","-","-","-","-","-","-","-","-","-","-","-","-","2.3","9"
"323","Jeremy Sprinkle","TE","FA","-","-","0","0","-","-","-","-","0","0","7.2","0","0","0","0","1.1","0","0.8","8.3"
"323","Brian Hill","RB","FA","-","-","-","0","-","-","-","-","-","-","0","-","0","1.5","1.2","5.6","0","1.2","8.3"
"325","Brandon Bolden","RB","FA","0","0","0","0","0","0","0","0","-","0.1","0","0","0","0","0","2","5.8","0.5","7.9"
"326","Chad Williams","WR","FA","-","2","1.3","-","-","-","-","-","-","-","-","1.3","0","3.3","0","-","-","1.3","7.9"
"327","Nate Sudfeld","QB","FA","-","-","-","-","-","-","-","-","-","-","-","-","-","-","-","-","7.6","7.6","7.6"
"328","Derek Watt","RB","FA","0","0","0","0","0","0","0","0","-","1.7","1.7","0","0","0.2","0","3.1","0.2","0.4","6.9"
"329","Dwayne Washington","RB","FA","2.2","0.9","-","-","-","-","-","2.1","0.1","1.5","-","-","-","-","-","-","-","1.4","6.8"
"329","James Develin","RB","FA","0","1.1","0","2.4","0","0","0","0","-","2.6","0","0","0","0.7","0","0","0","0.4","6.8"
"331","Jacob Hollister","TE","FA","-","1","2.4","0","0","0","0","1.8","-","0","0","0","0","0","0","1.5","0","0.4","6.7"
"332","Tyler Eifert","TE","FA","0.9","5.7","-","-","-","-","-","-","-","-","-","-","-","-","-","-","-","3.3","6.6"
"333","Patrick DiMarco","RB","FA","1","0","0","-0.2","0","-","0","0","0","3.6","0","0","0","0","1.1","-0.3","0.9","0.4","6.1"
"334","Ryan Switzer","WR","FA","0","0","0.3","-1.7","0","-","1","1.2","0","0","0","-0.4","0","0","0","0","5.2","0.4","5.6"
"335","Blake Bell","TE","FA","0","0","0","1.7","0","0","0","0","-","0","0","0","0","3.7","-","-","-","0.4","5.4"
"336","Noah Brown","WR","WAS","-","0","1.8","0","BYE","-","0","0","-","0","1.9","0","0.3","0","1.3","0","0","0.4","5.3"
"337","Sean Mannion","QB","FA","-0.2","-","-","-","-","-","-0.1","-","-0.1","-","-","-","-","-","0.5","-","5.2","1","5.2"
"338","Keith Smith","RB","FA","0","0","0","0","2","-","0","0","0","0.6","0","0","0","0.8","1.7","0","0","0.3","5.1"
"339","Marcus Johnson","WR","FA","0","-","0","0","1.1","2.1","0","0","0","-","0","-","-","-","-","-","1.8","0.5","5"
"339","Tanner Gentry","WR","FA","-","3.7","-","-","-","0","1.3","0","-","-","-","-","-","-","-","-","-","1.3","5"
"341","Joe Webb III","QB","FA","0","0","0","0","0","-","0","0","0","0","0","0","2.7","2.1","0","0","0","0.3","4.8"
"342","Nick Williams","WR","FA","-","-","-","4.5","-","-","-","-","-","-","-","-","-","-","-","-","-","4.5","4.5"
"343","JoJo Natson","WR","FA","-","-","-","-","-","-","-","-","-","0","-","0.4","0","0","3.9","0","0","0.6","4.3"
"344","Darrell Daniels","TE","FA","0","0","1.1","0","1.8","0","1.2","0","0","0","-","-","-","-","-","0","0","0.3","4.1"
"345","Senorise Perry","RB","FA","-","0","0","0","0","0","0","0","0","0","0","0","2.2","0","0","0","1.6","0.2","3.8"
"346","Jamal Agnew","WR","ATL","0","0","0","0","0","0","-","1.7","0.4","0","0.5","-","-","-","1.1","0","0","0.3","3.7"
"347","Josh Ferguson","RB","FA","-","-","-","-","-","-","0.5","0","0","0","-","0","3.1","0","0","0","0","0.4","3.6"
"348","Geoff Swaim","TE","FA","0","0","0","0","0","-","1.2","2.3","0","-","0","0","0","0","0","0","0","0.2","3.5"
"348","Antony Auclair","TE","FA","-","-","-","-","0","-","-","-","-","-","0","0","1.6","0","1.9","0","0","0.4","3.5"
"350","Danny Vitale","RB","FA","0","0","0","0","0","1.2","1.6","0","-","0","0","0","0","0.6","0","0","-","0.2","3.4"
"351","DeAndrew White","WR","FA","-","-","-","-","-","-","-","-","-","-","-","-","-","2.9","0","-","-","1.5","2.9"
"352","Michael Burton","RB","DEN","0.7","0","0","0","0","1.3","0","0","-","0","0","0","0","0","0.2","0","0.5","0.2","2.7"
"352","Chris Manhertz","TE","NYG","0","0","0","0","0","0","1.6","0","0","0","-","0","0","1.1","0","0","0","0.2","2.7"
"354","AJ McCarron","QB","FA","-","-","-","0","-","-","-","-","-","-","-","-","-","1.9","0.8","-","-","0.9","2.6"
"355","Allen Robinson II","WR","FA","2.2","-","-","-","-","-","-","-","-","-","-","-","-","-","-","-","-","2.2","2.2"
"356","Taiwan Jones","RB","FA","0","0","0","0","0","-","1.6","0","0","-","-","-","-","-","-","-","-","0.2","1.6"
"356","Kevin White","WR","FA","1.6","-","-","-","-","-","-","-","-","-","-","-","-","-","-","-","-","1.6","1.6"
"358","Cooper Rush","QB","BAL","-","-","-","-","-","-","1.4","-","-","BYE","0","-","-","-","-","-","-","0.7","1.4"
"359","Isaiah McKenzie","WR","FA","0","0","0.4","0","-","0.5","-","-2","1.9","-2","-","-","0","-","-","1.3","1.2","0.1","1.3"
"360","Raheem Mostert","RB","LV","0","0","-0.9","0","0.3","1.6","0","0","0","0","-","0","-","-","-","-","-","0.1","1"
"361","Garrett Griffin","TE","FA","-","-","-","-","-","-","-","-","-","-","-","-","0","-","0","-","0.9","0.3","0.9"
"362","Taylor Heinicke","QB","LAC","-","-","-","-","-","-","-","-","BYE","-","-","-","-","-","-","0.6","-","0.6","0.6"
"363","Dwayne Harris","WR","FA","0","0","0","0","0","-","-","-","-","-","-","-","-","-","-","-","-","0","0"
"363","Clark Harris","TE","FA","0","0","0","0","0","-","0","0","0","0","0","0","0","0","0","0","0","0","0"
"363","David Moore","WR","CAR","-","-","-","-","-","-","-","-","-","-","BYE","-","-","-","-","-","0","0","0"
"363","Lance Lenoir Jr.","WR","FA","-","-","-","-","-","-","-","-","-","-","-","-","-","-","-","-","0","0","0"
"363","Tyrone Swoopes","TE","FA","-","-","-","-","-","-","-","-","-","-","-","-","-","-","-","-","0","0","0"
"363","Kyle Nelson","TE","FA","0","0","0","0","0","0","0","0","0","0","-","0","0","0","0","0","0","0","0"
"363","Pharaoh Brown","TE","MIA","BYE","-","-","-","-","-","-","-","-","-","-","-","-","-","-","0","0","0","0"
"363","Dare Ogunbowale","RB","HOU","-","-","-","-","-","-","BYE","-","-","-","-","-","-","-","-","0","0","0","0"
"363","Jeremy McNichols","RB","WAS","-","-","-","-","BYE","-","-","-","-","-","-","-","-","-","0","0","-","0","0"
"363","MyCole Pruitt","TE","FA","-","-","-","-","-","-","-","-","-","-","-","-","-","0","-","-","-","0","0"
"363","Cethan Carter","TE","FA","0","0","0","0","0","-","0","0","0","0","0","0","0","0","0","0","0","0","0"
"363","Taysom Hill","TE","NO","-","-","-","-","BYE","-","-","-","-","-","-","-","0","0","0","0","0","0","0"
"363","Colt McCoy","QB","FA","-","-","-","-","-","-","-","-","-","-","-","-","0","-","-","-","-","0","0"
"363","Matt LaCosse","TE","FA","-","-","-","-","-","0","0","-","0","-","-","-","-","-","-","0","0","0","0"
"363","Beau Brinkley","TE","FA","0","0","0","0","0","0","0","-","0","0","0","0","0","0","0","0","0","0","0"
"363","Cody Core","WR","FA","0","0","0","0","0","-","0","-","0","0","0","0","0","0","0","-","-","0","0"
"363","Sean Culkin","TE","FA","0","-","-","-","-","-","-","-","-","-","-","-","-","-","-","-","-","0","0"
"363","Alex Armah Jr.","RB","FA","-","-","0","0","0","0","0","-","0","0","-","-","0","-","-","-","0","0","0"
"363","Marcus Kemp","WR","FA","-","-","-","-","-","0","-","-","-","-","-","-","-","-","-","-","-","0","0"
"363","Matthew Slater","WR","FA","-","-","-","-","0","0","0","0","-","0","-","-","-","0","0","0","0","0","0"
"363","Evan Baylis","TE","FA","-","0","-","-","-","-","-","-","-","-","-","-","-","-","-","-","-","0","0"
"363","Justin Hardee Sr.","WR","FA","-","-","0","0","-","0","0","0","0","0","0","0","0","0","0","0","0","0","0"
"363","Blake Jarwin","TE","FA","-","-","-","-","-","-","-","-","-","0","-","-","-","-","-","-","-","0","0"
"363","Krishawn Hogan","WR","FA","-","-","-","0","0","-","-","-","-","-","-","-","-","-","-","-","-","0","0"
"363","Johnny Mundt","TE","JAC","-","-","-","-","-","-","-","BYE","-","0","0","-","-","-","-","-","-","0","0"
"363","Eric Saubert","TE","SEA","0","0","0","0","-","0","0","0","0","0","0","0","0","-","0","-","0","0","0"
"363","Victor Bolden Jr.","WR","FA","-","0","0","0","0","0","-","-","0","0","-","-","0","0","-","-","-","0","0"
"390","Chase Daniel","QB","FA","-","-","-","-","-","-","-","-","-","-0.2","-","-","-","-","-","-","-","-0.2","-0.2"
"391","Andre Roberts","WR","FA","0","0","1.7","0","-","0","0","0","0","0","-2","0","0","0","0","0","0","0","-0.3"
"392","Kalif Raymond","WR","DET","0","-2","-","-","-","-","BYE","-","-","-","1.6","0","0","0","0","-","0","0","-0.4"
"393","Chad Henne","QB","FA","-","-","-0.3","-","-","-","-","-","-","-","-","-","-","-","-0.2","-","-","-0.3","-0.5"
"394","John Ross","WR","FA","-","-0.8","-","-","-","-","-","0","-","0","-","-","-","-","-","-","-","-0.3","-0.8"
"395","Jake Rudock","QB","FA","0","-","-","-","-","-","-","-","-","-","-","0","-1","-","-","-","-","-0.3","-1"
"396","Tyler Bray","QB","FA","-","-","-","-","-","-","-","-","-","-","-","-","-","-","-","-","-2","-2","-2"
"397","Teddy Bridgewater","QB","TB","BYE","-","-","-","-","-","-","-","-","-","-","-","-","-","-2.3","-","-","-2.3","-2.3"
""
""